{"val_loss": NaN, "train_loss": NaN, "_timestamp": 1733919796.5416553, "_runtime": 94.77760434150696, "_step": 11}