{"val_loss": NaN, "train_loss": NaN, "_timestamp": 1733918440.8673415, "_runtime": 4.997621536254883, "_step": 0, "_wandb": {"runtime": 16}}