{"val_loss": NaN, "train_loss": NaN, "_timestamp": 1733919492.5673406, "_runtime": 89.08860158920288, "_step": 10}