{"val_loss": NaN, "train_loss": NaN, "_timestamp": 1733920000.2894838, "_runtime": 5.043924808502197, "_step": 0, "_wandb": {"runtime": 23}}