{"val_loss": NaN, "train_loss": NaN, "_timestamp": 1733918818.6149306, "_runtime": 44.2739896774292, "_step": 12, "attention_layer_0": {"_type": "histogram", "values": [237979460, 3063066, 1010339, 451578, 231201, 144742, 101448, 74680, 64110, 50430, 36725, 32247, 25528, 20719, 14581, 12625, 8741, 8828, 8158, 7348, 6445, 6422, 6113, 5677, 4349, 3747, 3658, 3804, 2626, 2935, 2022, 1506, 1380, 1485, 2224, 1676, 1544, 1600, 1753, 1961, 1452, 1314, 964, 739, 702, 686, 792, 722, 862, 894, 1178, 1550, 1890, 1488, 1177, 730, 678, 408, 388, 791, 1434, 561, 308, 1003], "bins": [0.0, 0.015625, 0.03125, 0.046875, 0.0625, 0.078125, 0.09375, 0.109375, 0.125, 0.140625, 0.15625, 0.171875, 0.1875, 0.203125, 0.21875, 0.234375, 0.25, 0.265625, 0.28125, 0.296875, 0.3125, 0.328125, 0.34375, 0.359375, 0.375, 0.390625, 0.40625, 0.421875, 0.4375, 0.453125, 0.46875, 0.484375, 0.5, 0.515625, 0.53125, 0.546875, 0.5625, 0.578125, 0.59375, 0.609375, 0.625, 0.640625, 0.65625, 0.671875, 0.6875, 0.703125, 0.71875, 0.734375, 0.75, 0.765625, 0.78125, 0.796875, 0.8125, 0.828125, 0.84375, 0.859375, 0.875, 0.890625, 0.90625, 0.921875, 0.9375, 0.953125, 0.96875, 0.984375, 1.0]}, "attention_layer_1": {"_type": "histogram", "values": [238497621, 2382000, 883811, 453165, 266070, 180012, 129614, 95092, 71726, 56273, 49000, 39018, 30752, 26866, 24854, 21499, 19288, 17176, 14572, 13652, 13595, 12529, 11415, 10078, 8323, 7114, 6304, 5365, 5028, 4785, 4279, 3611, 3520, 3361, 2918, 2626, 2311, 2230, 2102, 2164, 1641, 1755, 1708, 1754, 1866, 2382, 2778, 2466, 2079, 1979, 1969, 2108, 2403, 2463, 2962, 2868, 2646, 2231, 1579, 832, 958, 785, 775, 1486], "bins": [0.0, 0.015625, 0.03125, 0.046875, 0.0625, 0.078125, 0.09375, 0.109375, 0.125, 0.140625, 0.15625, 0.171875, 0.1875, 0.203125, 0.21875, 0.234375, 0.25, 0.265625, 0.28125, 0.296875, 0.3125, 0.328125, 0.34375, 0.359375, 0.375, 0.390625, 0.40625, 0.421875, 0.4375, 0.453125, 0.46875, 0.484375, 0.5, 0.515625, 0.53125, 0.546875, 0.5625, 0.578125, 0.59375, 0.609375, 0.625, 0.640625, 0.65625, 0.671875, 0.6875, 0.703125, 0.71875, 0.734375, 0.75, 0.765625, 0.78125, 0.796875, 0.8125, 0.828125, 0.84375, 0.859375, 0.875, 0.890625, 0.90625, 0.921875, 0.9375, 0.953125, 0.96875, 0.984375, 1.0]}, "attention_layer_2": {"_type": "histogram", "values": [240169628, 1578001, 494506, 249985, 153969, 104734, 74326, 55240, 42400, 37513, 32730, 27965, 22245, 19514, 18089, 17040, 15476, 14781, 14127, 12675, 11644, 9963, 9031, 8811, 8172, 7234, 7309, 7132, 6645, 6919, 7298, 7274, 6519, 7000, 6142, 5526, 5813, 4957, 5016, 4835, 4598, 4104, 3470, 3501, 3434, 3374, 3492, 3089, 2878, 2901, 2874, 3265, 4062, 4327, 4270, 5049, 5859, 6437, 6331, 7132, 8789, 10219, 12167, 18386], "bins": [0.0, 0.015625, 0.03125, 0.046875, 0.0625, 0.078125, 0.09375, 0.109375, 0.125, 0.140625, 0.15625, 0.171875, 0.1875, 0.203125, 0.21875, 0.234375, 0.25, 0.265625, 0.28125, 0.296875, 0.3125, 0.328125, 0.34375, 0.359375, 0.375, 0.390625, 0.40625, 0.421875, 0.4375, 0.453125, 0.46875, 0.484375, 0.5, 0.515625, 0.53125, 0.546875, 0.5625, 0.578125, 0.59375, 0.609375, 0.625, 0.640625, 0.65625, 0.671875, 0.6875, 0.703125, 0.71875, 0.734375, 0.75, 0.765625, 0.78125, 0.796875, 0.8125, 0.828125, 0.84375, 0.859375, 0.875, 0.890625, 0.90625, 0.921875, 0.9375, 0.953125, 0.96875, 0.984375, 1.0]}, "attention_layer_3": {"_type": "histogram", "values": [240311724, 1296560, 501567, 263581, 164315, 119395, 88502, 68853, 50231, 41258, 35650, 28163, 29087, 24242, 21390, 20344, 17520, 14383, 13967, 12508, 12865, 14304, 10258, 9409, 9404, 9238, 8829, 8502, 7784, 7453, 7030, 8222, 8120, 6569, 5892, 5788, 5106, 5170, 5382, 4697, 4807, 4918, 5014, 4768, 4281, 4390, 4665, 4442, 4143, 3689, 3303, 3427, 3063, 2753, 2990, 3040, 2838, 3523, 5128, 7193, 8567, 11484, 14921, 31583], "bins": [0.0, 0.015625, 0.03125, 0.046875, 0.0625, 0.078125, 0.09375, 0.109375, 0.125, 0.140625, 0.15625, 0.171875, 0.1875, 0.203125, 0.21875, 0.234375, 0.25, 0.265625, 0.28125, 0.296875, 0.3125, 0.328125, 0.34375, 0.359375, 0.375, 0.390625, 0.40625, 0.421875, 0.4375, 0.453125, 0.46875, 0.484375, 0.5, 0.515625, 0.53125, 0.546875, 0.5625, 0.578125, 0.59375, 0.609375, 0.625, 0.640625, 0.65625, 0.671875, 0.6875, 0.703125, 0.71875, 0.734375, 0.75, 0.765625, 0.78125, 0.796875, 0.8125, 0.828125, 0.84375, 0.859375, 0.875, 0.890625, 0.90625, 0.921875, 0.9375, 0.953125, 0.96875, 0.984375, 1.0]}, "attention_layer_4": {"_type": "histogram", "values": [240649502, 1024850, 386803, 202418, 145881, 101173, 76029, 71296, 58738, 59514, 62059, 46286, 46948, 32371, 27399, 25297, 31908, 18323, 14809, 13877, 12521, 21997, 10863, 9953, 9826, 9465, 9166, 8467, 8372, 7854, 7872, 10075, 27559, 7651, 7388, 7483, 7069, 6866, 6575, 6861, 6822, 6837, 7047, 7975, 8188, 8248, 8944, 7243, 7070, 7522, 6877, 7068, 6990, 6803, 6055, 5102, 3836, 2314, 1952, 1098, 443, 665, 571, 7158], "bins": [0.0, 0.015625, 0.03125, 0.046875, 0.0625, 0.078125, 0.09375, 0.109375, 0.125, 0.140625, 0.15625, 0.171875, 0.1875, 0.203125, 0.21875, 0.234375, 0.25, 0.265625, 0.28125, 0.296875, 0.3125, 0.328125, 0.34375, 0.359375, 0.375, 0.390625, 0.40625, 0.421875, 0.4375, 0.453125, 0.46875, 0.484375, 0.5, 0.515625, 0.53125, 0.546875, 0.5625, 0.578125, 0.59375, 0.609375, 0.625, 0.640625, 0.65625, 0.671875, 0.6875, 0.703125, 0.71875, 0.734375, 0.75, 0.765625, 0.78125, 0.796875, 0.8125, 0.828125, 0.84375, 0.859375, 0.875, 0.890625, 0.90625, 0.921875, 0.9375, 0.953125, 0.96875, 0.984375, 1.0]}, "attention_layer_5": {"_type": "histogram", "values": [239675079, 1711159, 626280, 310594, 194907, 121950, 86102, 80462, 52967, 55927, 51716, 32898, 42388, 22711, 24039, 29345, 24059, 13470, 13248, 13251, 16968, 21441, 9148, 8969, 8495, 7959, 8311, 7481, 7139, 7683, 11879, 19017, 12479, 4330, 4374, 4478, 4566, 4914, 5113, 4901, 4950, 5074, 5409, 5190, 5238, 5133, 4893, 3335, 3394, 4120, 2460, 2483, 1959, 1659, 1700, 1646, 810, 633, 561, 643, 1058, 1202, 1615, 4830], "bins": [0.0, 0.015625, 0.03125, 0.046875, 0.0625, 0.078125, 0.09375, 0.109375, 0.125, 0.140625, 0.15625, 0.171875, 0.1875, 0.203125, 0.21875, 0.234375, 0.25, 0.265625, 0.28125, 0.296875, 0.3125, 0.328125, 0.34375, 0.359375, 0.375, 0.390625, 0.40625, 0.421875, 0.4375, 0.453125, 0.46875, 0.484375, 0.5, 0.515625, 0.53125, 0.546875, 0.5625, 0.578125, 0.59375, 0.609375, 0.625, 0.640625, 0.65625, 0.671875, 0.6875, 0.703125, 0.71875, 0.734375, 0.75, 0.765625, 0.78125, 0.796875, 0.8125, 0.828125, 0.84375, 0.859375, 0.875, 0.890625, 0.90625, 0.921875, 0.9375, 0.953125, 0.96875, 0.984375, 1.0]}, "attention_layer_6": {"_type": "histogram", "values": [240128983, 1603492, 530423, 253607, 163593, 98337, 64525, 55466, 43857, 39928, 38176, 23642, 34351, 22351, 20678, 22897, 30257, 14519, 13389, 12191, 10563, 20155, 8232, 7313, 6814, 6083, 5965, 5431, 5660, 5715, 6379, 11472, 21819, 5430, 5650, 5729, 5610, 5615, 5627, 5469, 5576, 5512, 5608, 4579, 4651, 4956, 2776, 2341, 2217, 1359, 789, 425, 136, 20, 29, 159, 95, 20, 351, 317, 144, 232, 623, 13884], "bins": [0.0, 0.015625, 0.03125, 0.046875, 0.0625, 0.078125, 0.09375, 0.109375, 0.125, 0.140625, 0.15625, 0.171875, 0.1875, 0.203125, 0.21875, 0.234375, 0.25, 0.265625, 0.28125, 0.296875, 0.3125, 0.328125, 0.34375, 0.359375, 0.375, 0.390625, 0.40625, 0.421875, 0.4375, 0.453125, 0.46875, 0.484375, 0.5, 0.515625, 0.53125, 0.546875, 0.5625, 0.578125, 0.59375, 0.609375, 0.625, 0.640625, 0.65625, 0.671875, 0.6875, 0.703125, 0.71875, 0.734375, 0.75, 0.765625, 0.78125, 0.796875, 0.8125, 0.828125, 0.84375, 0.859375, 0.875, 0.890625, 0.90625, 0.921875, 0.9375, 0.953125, 0.96875, 0.984375, 1.0]}, "attention_layer_7": {"_type": "histogram", "values": [240690326, 1307750, 438723, 191574, 133339, 74873, 46636, 44129, 36839, 35360, 37720, 7965, 38102, 6737, 6699, 10915, 32226, 5763, 5395, 5474, 8070, 38803, 5191, 5022, 4812, 4902, 4197, 3913, 3831, 4108, 6833, 19366, 85307, 1288, 1254, 1248, 1342, 1234, 1245, 1251, 1134, 1142, 1207, 1175, 1171, 1076, 1525, 770, 783, 742, 644, 649, 851, 490, 614, 556, 1308, 245, 312, 372, 818, 789, 1909, 52148],